{"cameraMode":{"drawMode":0,"name":"Shaded","section":"Shading Mode"},"sceneLighting":true,"audioPlay":false,"sceneViewState":{"m_AlwaysRefresh":false,"showFog":true,"showSkybox":true,"showFlares":true,"showImageEffects":true,"showParticleSystems":true,"showVisualEffectGraphs":true,"m_FxEnabled":false},"in2DMode":false,"pivot":{"x":224.19410705566407,"y":-229.67198181152345,"z":-175.10948181152345},"rotation":{"x":0.14586664736270905,"y":0.8355858325958252,"z":-0.2661861777305603,"w":0.45789018273353579},"size":226.72682189941407,"orthographic":false}